filename,label,wav_duration,file_path,folder
101_1305030823364_A.wav,Bunlabelledtest,10.59625,../datasets/challenge2/set_b/Bunlabelledtest__101_1305030823364_A.wav,b
101_1305030823364_D.wav,Bunlabelledtest,21.77675,../datasets/challenge2/set_b/Bunlabelledtest__101_1305030823364_D.wav,b
101_1305030823364_F.wav,Bunlabelledtest,2.66175,../datasets/challenge2/set_b/Bunlabelledtest__101_1305030823364_F.wav,b
103_1305031931979_A.wav,Bunlabelledtest,7.22475,../datasets/challenge2/set_b/Bunlabelledtest__103_1305031931979_A.wav,b
103_1305031931979_C.wav,Bunlabelledtest,8.429,../datasets/challenge2/set_b/Bunlabelledtest__103_1305031931979_C.wav,b
105_1305033453095_B.wav,Bunlabelledtest,10.046,../datasets/challenge2/set_b/Bunlabelledtest__105_1305033453095_B.wav,b
105_1305033453095_D.wav,Bunlabelledtest,15.44725,../datasets/challenge2/set_b/Bunlabelledtest__105_1305033453095_D.wav,b
106_1306776721273_B.wav,Bunlabelledtest,3.03725,../datasets/challenge2/set_b/Bunlabelledtest__106_1306776721273_B.wav,b
106_1306776721273_D.wav,Bunlabelledtest,4.513,../datasets/challenge2/set_b/Bunlabelledtest__106_1306776721273_D.wav,b
107_1305654946865_B.wav,Bunlabelledtest,9.24525,../datasets/challenge2/set_b/Bunlabelledtest__107_1305654946865_B.wav,b
107_1305654946865_D.wav,Bunlabelledtest,13.10775,../datasets/challenge2/set_b/Bunlabelledtest__107_1305654946865_D.wav,b
108_1305654420093_C.wav,Bunlabelledtest,21.812,../datasets/challenge2/set_b/Bunlabelledtest__108_1305654420093_C.wav,b
109_1305653646620_B.wav,Bunlabelledtest,12.867,../datasets/challenge2/set_b/Bunlabelledtest__109_1305653646620_B.wav,b
109_1305653646620_D.wav,Bunlabelledtest,14.071,../datasets/challenge2/set_b/Bunlabelledtest__109_1305653646620_D.wav,b
109_1305653972028_B.wav,Bunlabelledtest,4.62925,../datasets/challenge2/set_b/Bunlabelledtest__109_1305653972028_B.wav,b
109_1305653972028_D.wav,Bunlabelledtest,8.257,../datasets/challenge2/set_b/Bunlabelledtest__109_1305653972028_D.wav,b
110_1305655332337_D.wav,Bunlabelledtest,11.078,../datasets/challenge2/set_b/Bunlabelledtest__110_1305655332337_D.wav,b
112_1306243000964_C.wav,Bunlabelledtest,4.114,../datasets/challenge2/set_b/Bunlabelledtest__112_1306243000964_C.wav,b
113_1306244002866_C.wav,Bunlabelledtest,5.382,../datasets/challenge2/set_b/Bunlabelledtest__113_1306244002866_C.wav,b
115_1306259437619_D.wav,Bunlabelledtest,10.80275,../datasets/challenge2/set_b/Bunlabelledtest__115_1306259437619_D.wav,b
116_1306258689913_B.wav,Bunlabelledtest,11.68,../datasets/challenge2/set_b/Bunlabelledtest__116_1306258689913_B.wav,b
117_1306262456650_B1.wav,Bunlabelledtest,7.65725,../datasets/challenge2/set_b/Bunlabelledtest__117_1306262456650_B1.wav,b
118_1306262335509_A.wav,Bunlabelledtest,5.7495,../datasets/challenge2/set_b/Bunlabelledtest__118_1306262335509_A.wav,b
118_1306262335509_A1.wav,Bunlabelledtest,4.73825,../datasets/challenge2/set_b/Bunlabelledtest__118_1306262335509_A1.wav,b
118_1306262335509_C2.wav,Bunlabelledtest,3.74875,../datasets/challenge2/set_b/Bunlabelledtest__118_1306262335509_C2.wav,b
121_1306263877235_B.wav,Bunlabelledtest,12.66075,../datasets/challenge2/set_b/Bunlabelledtest__121_1306263877235_B.wav,b
122_1306325762831_A.wav,Bunlabelledtest,8.66975,../datasets/challenge2/set_b/Bunlabelledtest__122_1306325762831_A.wav,b
122_1306325762831_B.wav,Bunlabelledtest,7.5,../datasets/challenge2/set_b/Bunlabelledtest__122_1306325762831_B.wav,b
123_1306331925797_A.wav,Bunlabelledtest,15.8945,../datasets/challenge2/set_b/Bunlabelledtest__123_1306331925797_A.wav,b
123_1306331925797_D.wav,Bunlabelledtest,14.312,../datasets/challenge2/set_b/Bunlabelledtest__123_1306331925797_D.wav,b
125_1306332456645_B2.wav,Bunlabelledtest,4.62025,../datasets/challenge2/set_b/Bunlabelledtest__125_1306332456645_B2.wav,b
126_1306777102824_C1.wav,Bunlabelledtest,3.12425,../datasets/challenge2/set_b/Bunlabelledtest__126_1306777102824_C1.wav,b
126_1306777102824_D1.wav,Bunlabelledtest,11.16225,../datasets/challenge2/set_b/Bunlabelledtest__126_1306777102824_D1.wav,b
127_1306764300147_D.wav,Bunlabelledtest,3.63625,../datasets/challenge2/set_b/Bunlabelledtest__127_1306764300147_D.wav,b
128_1306344005749_C.wav,Bunlabelledtest,11.3875,../datasets/challenge2/set_b/Bunlabelledtest__128_1306344005749_C.wav,b
129_1306344506305_B.wav,Bunlabelledtest,2.6175,../datasets/challenge2/set_b/Bunlabelledtest__129_1306344506305_B.wav,b
130_1306347376079_A.wav,Bunlabelledtest,20.5735,../datasets/challenge2/set_b/Bunlabelledtest__130_1306347376079_A.wav,b
132_1306758754432_A.wav,Bunlabelledtest,7.39275,../datasets/challenge2/set_b/Bunlabelledtest__132_1306758754432_A.wav,b
132_1306758754432_B.wav,Bunlabelledtest,7.53625,../datasets/challenge2/set_b/Bunlabelledtest__132_1306758754432_B.wav,b
132_1306758754432_D.wav,Bunlabelledtest,13.9335,../datasets/challenge2/set_b/Bunlabelledtest__132_1306758754432_D.wav,b
134_1306428161797_A.wav,Bunlabelledtest,12.11025,../datasets/challenge2/set_b/Bunlabelledtest__134_1306428161797_A.wav,b
134_1306428161797_B.wav,Bunlabelledtest,5.795,../datasets/challenge2/set_b/Bunlabelledtest__134_1306428161797_B.wav,b
135_1306428972976_D.wav,Bunlabelledtest,8.80725,../datasets/challenge2/set_b/Bunlabelledtest__135_1306428972976_D.wav,b
136_1306429977501_A.wav,Bunlabelledtest,8.4375,../datasets/challenge2/set_b/Bunlabelledtest__136_1306429977501_A.wav,b
136_1306429977501_D.wav,Bunlabelledtest,2.76575,../datasets/challenge2/set_b/Bunlabelledtest__136_1306429977501_D.wav,b
137_1306764999211_A.wav,Bunlabelledtest,2.922,../datasets/challenge2/set_b/Bunlabelledtest__137_1306764999211_A.wav,b
137_1306764999211_B1.wav,Bunlabelledtest,4.1375,../datasets/challenge2/set_b/Bunlabelledtest__137_1306764999211_B1.wav,b
137_1306764999211_D2.wav,Bunlabelledtest,4.25825,../datasets/challenge2/set_b/Bunlabelledtest__137_1306764999211_D2.wav,b
138_1306762146980_C.wav,Bunlabelledtest,9.83775,../datasets/challenge2/set_b/Bunlabelledtest__138_1306762146980_C.wav,b
139_1306519274653_B.wav,Bunlabelledtest,14.65925,../datasets/challenge2/set_b/Bunlabelledtest__139_1306519274653_B.wav,b
139_1306519274653_C.wav,Bunlabelledtest,7.6705,../datasets/challenge2/set_b/Bunlabelledtest__139_1306519274653_C.wav,b
141_1306520154450_A.wav,Bunlabelledtest,3.348,../datasets/challenge2/set_b/Bunlabelledtest__141_1306520154450_A.wav,b
141_1306520154450_D.wav,Bunlabelledtest,7.15925,../datasets/challenge2/set_b/Bunlabelledtest__141_1306520154450_D.wav,b
142_1306763049574_C.wav,Bunlabelledtest,11.804,../datasets/challenge2/set_b/Bunlabelledtest__142_1306763049574_C.wav,b
143_1306763822290_D.wav,Bunlabelledtest,10.67475,../datasets/challenge2/set_b/Bunlabelledtest__143_1306763822290_D.wav,b
144_1306522408528_A.wav,Bunlabelledtest,3.195,../datasets/challenge2/set_b/Bunlabelledtest__144_1306522408528_A.wav,b
145_1307987561278_A.wav,Bunlabelledtest,13.3805,../datasets/challenge2/set_b/Bunlabelledtest__145_1307987561278_A.wav,b
145_1307987561278_D.wav,Bunlabelledtest,9.63075,../datasets/challenge2/set_b/Bunlabelledtest__145_1307987561278_D.wav,b
146_1306778707532_C.wav,Bunlabelledtest,8.23275,../datasets/challenge2/set_b/Bunlabelledtest__146_1306778707532_C.wav,b
146_1306778707532_D31.wav,Bunlabelledtest,3.8305,../datasets/challenge2/set_b/Bunlabelledtest__146_1306778707532_D31.wav,b
147_1306523973811_D.wav,Bunlabelledtest,4.47075,../datasets/challenge2/set_b/Bunlabelledtest__147_1306523973811_D.wav,b
148_1306768801551_A.wav,Bunlabelledtest,7.92625,../datasets/challenge2/set_b/Bunlabelledtest__148_1306768801551_A.wav,b
209_1308162216750_C.wav,Bunlabelledtest,10.3035,../datasets/challenge2/set_b/Bunlabelledtest__209_1308162216750_C.wav,b
148_1306768801551_D.wav,Bunlabelledtest,4.4135,../datasets/challenge2/set_b/Bunlabelledtest__148_1306768801551_D.wav,b
262_1309355283807_B.wav,Bunlabelledtest,5.2135,../datasets/challenge2/set_b/Bunlabelledtest__262_1309355283807_B.wav,b
172_1307971284351_D.wav,Bunlabelledtest,21.30675,../datasets/challenge2/set_b/Bunlabelledtest__172_1307971284351_D.wav,b
151_1306779785624_A1.wav,Bunlabelledtest,7.342,../datasets/challenge2/set_b/Bunlabelledtest__151_1306779785624_A1.wav,b
152_1306779561195_B.wav,Bunlabelledtest,2.59675,../datasets/challenge2/set_b/Bunlabelledtest__152_1306779561195_B.wav,b
152_1306779561195_C.wav,Bunlabelledtest,4.8315,../datasets/challenge2/set_b/Bunlabelledtest__152_1306779561195_C.wav,b
148_1306768801551_C.wav,Bunlabelledtest,2.944,../datasets/challenge2/set_b/Bunlabelledtest__148_1306768801551_C.wav,b
153_1306848820671_D.wav,Bunlabelledtest,1.91525,../datasets/challenge2/set_b/Bunlabelledtest__153_1306848820671_D.wav,b
154_1306935608852_A.wav,Bunlabelledtest,2.11025,../datasets/challenge2/set_b/Bunlabelledtest__154_1306935608852_A.wav,b
154_1306935608852_A2.wav,Bunlabelledtest,1.47075,../datasets/challenge2/set_b/Bunlabelledtest__154_1306935608852_A2.wav,b
154_1306935608852_D.wav,Bunlabelledtest,4.76475,../datasets/challenge2/set_b/Bunlabelledtest__154_1306935608852_D.wav,b
154_1306935608852_D1.wav,Bunlabelledtest,2.0855,../datasets/challenge2/set_b/Bunlabelledtest__154_1306935608852_D1.wav,b
155_1306935902813_B.wav,Bunlabelledtest,1.907,../datasets/challenge2/set_b/Bunlabelledtest__155_1306935902813_B.wav,b
155_1306935902813_B2.wav,Bunlabelledtest,5.32075,../datasets/challenge2/set_b/Bunlabelledtest__155_1306935902813_B2.wav,b
155_1306935902813_D.wav,Bunlabelledtest,6.43475,../datasets/challenge2/set_b/Bunlabelledtest__155_1306935902813_D.wav,b
156_1306936373241_C.wav,Bunlabelledtest,6.0085,../datasets/challenge2/set_b/Bunlabelledtest__156_1306936373241_C.wav,b
156_1306936373241_D.wav,Bunlabelledtest,5.78175,../datasets/challenge2/set_b/Bunlabelledtest__156_1306936373241_D.wav,b
157_1306937583792_C.wav,Bunlabelledtest,9.7585,../datasets/challenge2/set_b/Bunlabelledtest__157_1306937583792_C.wav,b
159_1307018640315_A.wav,Bunlabelledtest,3.84925,../datasets/challenge2/set_b/Bunlabelledtest__159_1307018640315_A.wav,b
159_1307018640315_B.wav,Bunlabelledtest,2.018,../datasets/challenge2/set_b/Bunlabelledtest__159_1307018640315_B.wav,b
159_1307018640315_C.wav,Bunlabelledtest,1.95475,../datasets/challenge2/set_b/Bunlabelledtest__159_1307018640315_C.wav,b
160_1307100683334_C.wav,Bunlabelledtest,7.66725,../datasets/challenge2/set_b/Bunlabelledtest__160_1307100683334_C.wav,b
161_1307101199321_D.wav,Bunlabelledtest,4.77275,../datasets/challenge2/set_b/Bunlabelledtest__161_1307101199321_D.wav,b
162_1307101835989_C.wav,Bunlabelledtest,8.949,../datasets/challenge2/set_b/Bunlabelledtest__162_1307101835989_C.wav,b
163_1307104470471_B.wav,Bunlabelledtest,2.507,../datasets/challenge2/set_b/Bunlabelledtest__163_1307104470471_B.wav,b
163_1307104470471_B1.wav,Bunlabelledtest,1.33425,../datasets/challenge2/set_b/Bunlabelledtest__163_1307104470471_B1.wav,b
163_1307104470471_D.wav,Bunlabelledtest,2.602,../datasets/challenge2/set_b/Bunlabelledtest__163_1307104470471_D.wav,b
164_1307106095995_D.wav,Bunlabelledtest,12.93325,../datasets/challenge2/set_b/Bunlabelledtest__164_1307106095995_D.wav,b
165_1307109069581_B.wav,Bunlabelledtest,11.42025,../datasets/challenge2/set_b/Bunlabelledtest__165_1307109069581_B.wav,b
167_1307111318050_C1.wav,Bunlabelledtest,3.8485,../datasets/challenge2/set_b/Bunlabelledtest__167_1307111318050_C1.wav,b
167_1307111318050_D.wav,Bunlabelledtest,5.37725,../datasets/challenge2/set_b/Bunlabelledtest__167_1307111318050_D.wav,b
169_1307970398039_B.wav,Bunlabelledtest,19.1335,../datasets/challenge2/set_b/Bunlabelledtest__169_1307970398039_B.wav,b
169_1307970398039_C1.wav,Bunlabelledtest,8.7635,../datasets/challenge2/set_b/Bunlabelledtest__169_1307970398039_C1.wav,b
170_1307970562729_D.wav,Bunlabelledtest,20.35725,../datasets/challenge2/set_b/Bunlabelledtest__170_1307970562729_D.wav,b
209_1308162216750_B.wav,Bunlabelledtest,14.209,../datasets/challenge2/set_b/Bunlabelledtest__209_1308162216750_B.wav,b
171_1307971016233_C.wav,Bunlabelledtest,4.453,../datasets/challenge2/set_b/Bunlabelledtest__171_1307971016233_C.wav,b
172_1307971284351_C.wav,Bunlabelledtest,2.6555,../datasets/challenge2/set_b/Bunlabelledtest__172_1307971284351_C.wav,b
149_1306776016110_C.wav,Bunlabelledtest,6.7285,../datasets/challenge2/set_b/Bunlabelledtest__149_1306776016110_C.wav,b
173_1307973611151_D.wav,Bunlabelledtest,2.306,../datasets/challenge2/set_b/Bunlabelledtest__173_1307973611151_D.wav,b
174_1307987737137_C.wav,Bunlabelledtest,5.26525,../datasets/challenge2/set_b/Bunlabelledtest__174_1307987737137_C.wav,b
175_1307987962616_C.wav,Bunlabelledtest,2.57775,../datasets/challenge2/set_b/Bunlabelledtest__175_1307987962616_C.wav,b
176_1307988171173_A1.wav,Bunlabelledtest,3.11775,../datasets/challenge2/set_b/Bunlabelledtest__176_1307988171173_A1.wav,b
176_1307988171173_C.wav,Bunlabelledtest,3.52175,../datasets/challenge2/set_b/Bunlabelledtest__176_1307988171173_C.wav,b
176_1307988171173_C1.wav,Bunlabelledtest,2.585,../datasets/challenge2/set_b/Bunlabelledtest__176_1307988171173_C1.wav,b
177_1307989650056_C.wav,Bunlabelledtest,2.9615,../datasets/challenge2/set_b/Bunlabelledtest__177_1307989650056_C.wav,b
178_1307989887769_A.wav,Bunlabelledtest,3.929,../datasets/challenge2/set_b/Bunlabelledtest__178_1307989887769_A.wav,b
179_1307990076841_D1.wav,Bunlabelledtest,2.913,../datasets/challenge2/set_b/Bunlabelledtest__179_1307990076841_D1.wav,b
180_1307990956284_B.wav,Bunlabelledtest,12.236,../datasets/challenge2/set_b/Bunlabelledtest__180_1307990956284_B.wav,b
180_1307990956284_D.wav,Bunlabelledtest,2.919,../datasets/challenge2/set_b/Bunlabelledtest__180_1307990956284_D.wav,b
181_1308052613891_C.wav,Bunlabelledtest,5.56625,../datasets/challenge2/set_b/Bunlabelledtest__181_1308052613891_C.wav,b
184_1308073010307_C.wav,Bunlabelledtest,5.47925,../datasets/challenge2/set_b/Bunlabelledtest__184_1308073010307_C.wav,b
186_1308073648738_C.wav,Bunlabelledtest,2.23225,../datasets/challenge2/set_b/Bunlabelledtest__186_1308073648738_C.wav,b
186_1308073648738_D1.wav,Bunlabelledtest,6.40875,../datasets/challenge2/set_b/Bunlabelledtest__186_1308073648738_D1.wav,b
187_1308073994223_C.wav,Bunlabelledtest,2.554,../datasets/challenge2/set_b/Bunlabelledtest__187_1308073994223_C.wav,b
189_1308075231945_A.wav,Bunlabelledtest,1.78575,../datasets/challenge2/set_b/Bunlabelledtest__189_1308075231945_A.wav,b
189_1308075231945_C.wav,Bunlabelledtest,10.909,../datasets/challenge2/set_b/Bunlabelledtest__189_1308075231945_C.wav,b
191_1308077299430_C.wav,Bunlabelledtest,18.35825,../datasets/challenge2/set_b/Bunlabelledtest__191_1308077299430_C.wav,b
191_1308077299430_D.wav,Bunlabelledtest,3.07875,../datasets/challenge2/set_b/Bunlabelledtest__191_1308077299430_D.wav,b
193_1308078104592_A.wav,Bunlabelledtest,11.12225,../datasets/challenge2/set_b/Bunlabelledtest__193_1308078104592_A.wav,b
193_1308078104592_D.wav,Bunlabelledtest,22.7995,../datasets/challenge2/set_b/Bunlabelledtest__193_1308078104592_D.wav,b
194_1308139824187_C.wav,Bunlabelledtest,4.59325,../datasets/challenge2/set_b/Bunlabelledtest__194_1308139824187_C.wav,b
195_1308140095331_D.wav,Bunlabelledtest,4.047,../datasets/challenge2/set_b/Bunlabelledtest__195_1308140095331_D.wav,b
196_1308141034858_D.wav,Bunlabelledtest,2.642,../datasets/challenge2/set_b/Bunlabelledtest__196_1308141034858_D.wav,b
197_1308141235553_B.wav,Bunlabelledtest,14.3335,../datasets/challenge2/set_b/Bunlabelledtest__197_1308141235553_B.wav,b
200_1308144251434_C1.wav,Bunlabelledtest,2.688,../datasets/challenge2/set_b/Bunlabelledtest__200_1308144251434_C1.wav,b
201_1308144942432_B.wav,Bunlabelledtest,8.52275,../datasets/challenge2/set_b/Bunlabelledtest__201_1308144942432_B.wav,b
202_1308145175747_B.wav,Bunlabelledtest,4.0455,../datasets/challenge2/set_b/Bunlabelledtest__202_1308145175747_B.wav,b
203_1308162026258_C.wav,Bunlabelledtest,3.52125,../datasets/challenge2/set_b/Bunlabelledtest__203_1308162026258_C.wav,b
204_1308159229275_B1.wav,Bunlabelledtest,4.8315,../datasets/challenge2/set_b/Bunlabelledtest__204_1308159229275_B1.wav,b
206_1308159601959_C1.wav,Bunlabelledtest,4.4135,../datasets/challenge2/set_b/Bunlabelledtest__206_1308159601959_C1.wav,b
207_1308159792607_B3.wav,Bunlabelledtest,1.254,../datasets/challenge2/set_b/Bunlabelledtest__207_1308159792607_B3.wav,b
152_1306779561195_D1.wav,Bunlabelledtest,4.94675,../datasets/challenge2/set_b/Bunlabelledtest__152_1306779561195_D1.wav,b
150_1306776340746_D.wav,Bunlabelledtest,7.79825,../datasets/challenge2/set_b/Bunlabelledtest__150_1306776340746_D.wav,b
210_1308162935880_D.wav,Bunlabelledtest,2.9545,../datasets/challenge2/set_b/Bunlabelledtest__210_1308162935880_D.wav,b
212_1308245076477_C.wav,Bunlabelledtest,1.22425,../datasets/challenge2/set_b/Bunlabelledtest__212_1308245076477_C.wav,b
213_1308245263936_B.wav,Bunlabelledtest,3.613,../datasets/challenge2/set_b/Bunlabelledtest__213_1308245263936_B.wav,b
214_1308245489717_A1.wav,Bunlabelledtest,1.41,../datasets/challenge2/set_b/Bunlabelledtest__214_1308245489717_A1.wav,b
215_1308245664733_D.wav,Bunlabelledtest,4.3865,../datasets/challenge2/set_b/Bunlabelledtest__215_1308245664733_D.wav,b
216_1308245839516_B1.wav,Bunlabelledtest,5.006,../datasets/challenge2/set_b/Bunlabelledtest__216_1308245839516_B1.wav,b
217_1308246111629_A.wav,Bunlabelledtest,10.355,../datasets/challenge2/set_b/Bunlabelledtest__217_1308246111629_A.wav,b
217_1308246111629_B.wav,Bunlabelledtest,2.65125,../datasets/challenge2/set_b/Bunlabelledtest__217_1308246111629_B.wav,b
217_1308246111629_D.wav,Bunlabelledtest,3.216,../datasets/challenge2/set_b/Bunlabelledtest__217_1308246111629_D.wav,b
220_1308250132896_A.wav,Bunlabelledtest,1.97725,../datasets/challenge2/set_b/Bunlabelledtest__220_1308250132896_A.wav,b
222_1308336218979_B.wav,Bunlabelledtest,1.80625,../datasets/challenge2/set_b/Bunlabelledtest__222_1308336218979_B.wav,b
227_1308594233667_D.wav,Bunlabelledtest,24.44875,../datasets/challenge2/set_b/Bunlabelledtest__227_1308594233667_D.wav,b
229_1308594979317_C.wav,Bunlabelledtest,4.03675,../datasets/challenge2/set_b/Bunlabelledtest__229_1308594979317_C.wav,b
231_1308748318393_B.wav,Bunlabelledtest,11.52775,../datasets/challenge2/set_b/Bunlabelledtest__231_1308748318393_B.wav,b
231_1308748318393_C.wav,Bunlabelledtest,2.6245,../datasets/challenge2/set_b/Bunlabelledtest__231_1308748318393_C.wav,b
232_1308748524018_A1.wav,Bunlabelledtest,1.52875,../datasets/challenge2/set_b/Bunlabelledtest__232_1308748524018_A1.wav,b
232_1308748524018_D.wav,Bunlabelledtest,1.44075,../datasets/challenge2/set_b/Bunlabelledtest__232_1308748524018_D.wav,b
235_1308749032454_C1.wav,Bunlabelledtest,1.0275,../datasets/challenge2/set_b/Bunlabelledtest__235_1308749032454_C1.wav,b
235_1308749032454_D1.wav,Bunlabelledtest,5.89575,../datasets/challenge2/set_b/Bunlabelledtest__235_1308749032454_D1.wav,b
237_1308750231222_C1.wav,Bunlabelledtest,2.457,../datasets/challenge2/set_b/Bunlabelledtest__237_1308750231222_C1.wav,b
239_1309195730333_D.wav,Bunlabelledtest,4.52275,../datasets/challenge2/set_b/Bunlabelledtest__239_1309195730333_D.wav,b
240_1309196119795_D.wav,Bunlabelledtest,7.34025,../datasets/challenge2/set_b/Bunlabelledtest__240_1309196119795_D.wav,b
242_1309197394064_A.wav,Bunlabelledtest,2.679,../datasets/challenge2/set_b/Bunlabelledtest__242_1309197394064_A.wav,b
242_1309197394064_C.wav,Bunlabelledtest,3.9625,../datasets/challenge2/set_b/Bunlabelledtest__242_1309197394064_C.wav,b
243_1309197760898_D.wav,Bunlabelledtest,15.344,../datasets/challenge2/set_b/Bunlabelledtest__243_1309197760898_D.wav,b
245_1309198844065_A.wav,Bunlabelledtest,2.515,../datasets/challenge2/set_b/Bunlabelledtest__245_1309198844065_A.wav,b
245_1309200438094_C.wav,Bunlabelledtest,1.3,../datasets/challenge2/set_b/Bunlabelledtest__245_1309200438094_C.wav,b
248_1309201683806_B.wav,Bunlabelledtest,3.56725,../datasets/challenge2/set_b/Bunlabelledtest__248_1309201683806_B.wav,b
248_1309201683806_D.wav,Bunlabelledtest,16.31075,../datasets/challenge2/set_b/Bunlabelledtest__248_1309201683806_D.wav,b
254_1309350589009_B.wav,Bunlabelledtest,11.3875,../datasets/challenge2/set_b/Bunlabelledtest__254_1309350589009_B.wav,b
255_1309351210897_B.wav,Bunlabelledtest,1.8065,../datasets/challenge2/set_b/Bunlabelledtest__255_1309351210897_B.wav,b
259_1309352630271_B.wav,Bunlabelledtest,2.2755,../datasets/challenge2/set_b/Bunlabelledtest__259_1309352630271_B.wav,b
260_1309353164458_A.wav,Bunlabelledtest,3.76125,../datasets/challenge2/set_b/Bunlabelledtest__260_1309353164458_A.wav,b
171_1307971016233_F.wav,Bunlabelledtest,2.262,../datasets/challenge2/set_b/Bunlabelledtest__171_1307971016233_F.wav,b
264_1309356143724_A.wav,Bunlabelledtest,9.56425,../datasets/challenge2/set_b/Bunlabelledtest__264_1309356143724_A.wav,b
268_1309368960960_A.wav,Bunlabelledtest,10.80275,../datasets/challenge2/set_b/Bunlabelledtest__268_1309368960960_A.wav,b
268_1309368960960_E.wav,Bunlabelledtest,3.62725,../datasets/challenge2/set_b/Bunlabelledtest__268_1309368960960_E.wav,b
270_1309369533040_D.wav,Bunlabelledtest,3.09875,../datasets/challenge2/set_b/Bunlabelledtest__270_1309369533040_D.wav,b
271_1309369876160_B.wav,Bunlabelledtest,11.5595,../datasets/challenge2/set_b/Bunlabelledtest__271_1309369876160_B.wav,b
272_1309370164386_B.wav,Bunlabelledtest,3.2,../datasets/challenge2/set_b/Bunlabelledtest__272_1309370164386_B.wav,b
274_1311075637574_C.wav,Bunlabelledtest,6.83375,../datasets/challenge2/set_b/Bunlabelledtest__274_1311075637574_C.wav,b
278_1311163365896_C.wav,Bunlabelledtest,1.934,../datasets/challenge2/set_b/Bunlabelledtest__278_1311163365896_C.wav,b
278_1311163365896_D.wav,Bunlabelledtest,17.20175,../datasets/challenge2/set_b/Bunlabelledtest__278_1311163365896_D.wav,b
280_1311165195344_B.wav,Bunlabelledtest,5.349,../datasets/challenge2/set_b/Bunlabelledtest__280_1311165195344_B.wav,b
281_1311165683454_C.wav,Bunlabelledtest,11.629,../datasets/challenge2/set_b/Bunlabelledtest__281_1311165683454_C.wav,b
282_1311166081161_D.wav,Bunlabelledtest,2.18,../datasets/challenge2/set_b/Bunlabelledtest__282_1311166081161_D.wav,b
284_1311168471850_C.wav,Bunlabelledtest,11.49075,../datasets/challenge2/set_b/Bunlabelledtest__284_1311168471850_C.wav,b
286_1311170606028_B.wav,Bunlabelledtest,2.58575,../datasets/challenge2/set_b/Bunlabelledtest__286_1311170606028_B.wav,b
287_1311170903290_D.wav,Bunlabelledtest,3.994,../datasets/challenge2/set_b/Bunlabelledtest__287_1311170903290_D.wav,b
288_1311164615284_B.wav,Bunlabelledtest,5.13725,../datasets/challenge2/set_b/Bunlabelledtest__288_1311164615284_B.wav,b
290_1311182875320_B.wav,Bunlabelledtest,1.61275,../datasets/challenge2/set_b/Bunlabelledtest__290_1311182875320_B.wav,b
293_1311680805936_B.wav,Bunlabelledtest,4.6345,../datasets/challenge2/set_b/Bunlabelledtest__293_1311680805936_B.wav,b
293_1311680805936_B2.wav,Bunlabelledtest,2.69025,../datasets/challenge2/set_b/Bunlabelledtest__293_1311680805936_B2.wav,b
294_1311681084248_D.wav,Bunlabelledtest,3.183,../datasets/challenge2/set_b/Bunlabelledtest__294_1311681084248_D.wav,b
296_1311682952647_A.wav,Bunlabelledtest,1.28825,../datasets/challenge2/set_b/Bunlabelledtest__296_1311682952647_A.wav,b
296_1311682952647_B.wav,Bunlabelledtest,1.917,../datasets/challenge2/set_b/Bunlabelledtest__296_1311682952647_B.wav,b
300_1311772096120_B.wav,Bunlabelledtest,4.57075,../datasets/challenge2/set_b/Bunlabelledtest__300_1311772096120_B.wav,b
300_1311772096120_C.wav,Bunlabelledtest,4.05375,../datasets/challenge2/set_b/Bunlabelledtest__300_1311772096120_C.wav,b
300_1311772096120_D.wav,Bunlabelledtest,6.07725,../datasets/challenge2/set_b/Bunlabelledtest__300_1311772096120_D.wav,b
